rt,response,chosen_valence,participant_id,response_binary
355.60000002384186,j,benign,R_42Ga7yjlA5oLJCd,0
669.1999999880791,j,benign,R_42Ga7yjlA5oLJCd,0
523.6999999880791,f,depression,R_42Ga7yjlA5oLJCd,1
529.6999999880791,j,depression,R_42Ga7yjlA5oLJCd,1
783.5999999642372,f,benign,R_42Ga7yjlA5oLJCd,0
639.5999999642372,j,positive,R_42Ga7yjlA5oLJCd,0
577.0,j,anxiety,R_42Ga7yjlA5oLJCd,1
382.89999997615814,f,benign,R_42Ga7yjlA5oLJCd,0
306.4000000357628,j,benign,R_42Ga7yjlA5oLJCd,0
431.2999999523163,j,anxiety,R_42Ga7yjlA5oLJCd,1
412.30000001192093,f,positive,R_42Ga7yjlA5oLJCd,0
467.0999999642372,j,benign,R_42Ga7yjlA5oLJCd,0
351.7000000476837,j,positive,R_42Ga7yjlA5oLJCd,0
474.0,j,benign,R_42Ga7yjlA5oLJCd,0
455.5999999642372,f,positive,R_42Ga7yjlA5oLJCd,0
792.6000000238419,f,positive,R_42Ga7yjlA5oLJCd,0
589.1000000238419,j,depression,R_42Ga7yjlA5oLJCd,1
443.5,f,benign,R_42Ga7yjlA5oLJCd,0
444.19999998807907,f,anxiety,R_42Ga7yjlA5oLJCd,1
374.80000001192093,f,benign,R_42Ga7yjlA5oLJCd,0
550.2000000476837,j,benign,R_42Ga7yjlA5oLJCd,0
361.60000002384186,f,benign,R_42Ga7yjlA5oLJCd,0
366.5999999642372,j,benign,R_42Ga7yjlA5oLJCd,0
392.9000000357628,f,anxiety,R_42Ga7yjlA5oLJCd,1
340.5999999642372,j,benign,R_42Ga7yjlA5oLJCd,0
395.10000002384186,j,depression,R_42Ga7yjlA5oLJCd,1
566.2000000476837,j,depression,R_42Ga7yjlA5oLJCd,1
1113.0,j,benign,R_9j8Niq4DZA1y7Op,0
849.0,j,benign,R_9j8Niq4DZA1y7Op,0
808.0,f,benign,R_9j8Niq4DZA1y7Op,0
784.0,f,positive,R_9j8Niq4DZA1y7Op,0
974.0,f,benign,R_9j8Niq4DZA1y7Op,0
1311.0,f,benign,R_9j8Niq4DZA1y7Op,0
1420.9999999999418,f,anxiety,R_9j8Niq4DZA1y7Op,1
1987.0,j,benign,R_9j8Niq4DZA1y7Op,0
698.0,f,benign,R_9j8Niq4DZA1y7Op,0
1052.0,f,benign,R_9j8Niq4DZA1y7Op,0
1011.0,f,depression,R_9j8Niq4DZA1y7Op,1
1120.0,j,benign,R_9j8Niq4DZA1y7Op,0
1030.0000000000582,f,positive,R_9j8Niq4DZA1y7Op,0
833.0,f,positive,R_9j8Niq4DZA1y7Op,0
931.9999999999418,f,positive,R_9j8Niq4DZA1y7Op,0
1288.0,f,benign,R_9j8Niq4DZA1y7Op,0
1051.9999999999418,j,benign,R_9j8Niq4DZA1y7Op,0
1118.0,f,benign,R_9j8Niq4DZA1y7Op,0
1024.0,j,benign,R_9j8Niq4DZA1y7Op,0
680.0,f,benign,R_9j8Niq4DZA1y7Op,0
744.0,f,benign,R_9j8Niq4DZA1y7Op,0
835.9999999999418,j,benign,R_9j8Niq4DZA1y7Op,0
725.0,f,benign,R_9j8Niq4DZA1y7Op,0
979.0,f,benign,R_9j8Niq4DZA1y7Op,0
729.0,j,benign,R_9j8Niq4DZA1y7Op,0
839.0,f,benign,R_9j8Niq4DZA1y7Op,0
981.0,j,anxiety,R_9j8Niq4DZA1y7Op,1
757.7999999998137,f,benign,R_92Xn58Elv9fCbLJ,0
2208.0,f,anxiety,R_92Xn58Elv9fCbLJ,1
1519.7999999998137,f,benign,R_92Xn58Elv9fCbLJ,0
1258.2000000001863,j,positive,R_92Xn58Elv9fCbLJ,0
1126.4000000003725,j,benign,R_92Xn58Elv9fCbLJ,0
1257.7999999998137,j,benign,R_92Xn58Elv9fCbLJ,0
1317.5,j,anxiety,R_92Xn58Elv9fCbLJ,1
1478.2000000001863,f,benign,R_92Xn58Elv9fCbLJ,0
1868.5,f,benign,R_92Xn58Elv9fCbLJ,0
1090.9000000003725,j,positive,R_92Xn58Elv9fCbLJ,0
1977.0,j,depression,R_92Xn58Elv9fCbLJ,1
1688.5,j,depression,R_92Xn58Elv9fCbLJ,1
767.1000000005588,j,benign,R_92Xn58Elv9fCbLJ,0
1047.5,f,benign,R_92Xn58Elv9fCbLJ,0
747.7999999998137,f,benign,R_92Xn58Elv9fCbLJ,0
1348.7999999998137,j,anxiety,R_92Xn58Elv9fCbLJ,1
1337.5,j,benign,R_92Xn58Elv9fCbLJ,0
1329.2999999998137,f,anxiety,R_92Xn58Elv9fCbLJ,1
619.7999999998137,f,benign,R_92Xn58Elv9fCbLJ,0
747.8999999994412,f,benign,R_92Xn58Elv9fCbLJ,0
1048.2000000001863,j,benign,R_92Xn58Elv9fCbLJ,0
748.3999999994412,j,benign,R_92Xn58Elv9fCbLJ,0
2008.9000000003725,f,depression,R_92Xn58Elv9fCbLJ,1
1857.9000000003725,j,benign,R_92Xn58Elv9fCbLJ,0
1368.1000000005588,f,benign,R_92Xn58Elv9fCbLJ,0
1457.7000000001863,f,benign,R_92Xn58Elv9fCbLJ,0
878.1000000005588,f,benign,R_92Xn58Elv9fCbLJ,0
138.70000004768372,f,anxiety,R_4pWgwYKsPFaTWcp,1
475.7999999523163,f,benign,R_4pWgwYKsPFaTWcp,0
689.3999998569489,f,benign,R_4pWgwYKsPFaTWcp,0
923.2999999523163,j,positive,R_4pWgwYKsPFaTWcp,0
1137.1000001430511,f,positive,R_4pWgwYKsPFaTWcp,0
1094.4000000953674,f,anxiety,R_4pWgwYKsPFaTWcp,1
1108.2999999523163,j,benign,R_4pWgwYKsPFaTWcp,0
1380.1999998092651,j,depression,R_4pWgwYKsPFaTWcp,1
945.2000000476837,f,benign,R_4pWgwYKsPFaTWcp,0
1484.5,f,anxiety,R_4pWgwYKsPFaTWcp,1
2373.100000143051,f,positive,R_4pWgwYKsPFaTWcp,0
1301.7999999523163,j,benign,R_4pWgwYKsPFaTWcp,0
340.39999985694885,f,benign,R_4pWgwYKsPFaTWcp,0
1021.3999998569489,f,benign,R_4pWgwYKsPFaTWcp,0
626.1000001430511,f,depression,R_4pWgwYKsPFaTWcp,1
654.2999999523163,f,benign,R_4pWgwYKsPFaTWcp,0
747.0,j,benign,R_4pWgwYKsPFaTWcp,0
722.5999999046326,j,depression,R_4pWgwYKsPFaTWcp,1
602.0999999046326,j,anxiety,R_4pWgwYKsPFaTWcp,1
563.2999999523163,j,benign,R_4pWgwYKsPFaTWcp,0
706.5,j,benign,R_4pWgwYKsPFaTWcp,0
849.9000000953674,j,benign,R_4pWgwYKsPFaTWcp,0
622.7999999523163,j,depression,R_4pWgwYKsPFaTWcp,1
517.9000000953674,j,depression,R_4pWgwYKsPFaTWcp,1
888.0999999046326,f,benign,R_4pWgwYKsPFaTWcp,0
998.5,f,depression,R_4pWgwYKsPFaTWcp,1
286.89999985694885,j,benign,R_4pWgwYKsPFaTWcp,0
663.7000000476837,f,depression,R_4ELN7Q0714WIXDZ,1
732.6999998092651,f,benign,R_4ELN7Q0714WIXDZ,0
525.7000000476837,f,positive,R_4ELN7Q0714WIXDZ,0
668.5999999046326,f,depression,R_4ELN7Q0714WIXDZ,1
1177.5999999046326,j,benign,R_4ELN7Q0714WIXDZ,0
528.8999998569489,f,benign,R_4ELN7Q0714WIXDZ,0
713.7999999523163,j,benign,R_4ELN7Q0714WIXDZ,0
559.6000001430511,f,benign,R_4ELN7Q0714WIXDZ,0
1250.7000000476837,f,benign,R_4ELN7Q0714WIXDZ,0
899.2000000476837,j,benign,R_4ELN7Q0714WIXDZ,0
668.2999999523163,f,benign,R_4ELN7Q0714WIXDZ,0
1071.0,f,positive,R_4ELN7Q0714WIXDZ,0
636.7999999523163,f,positive,R_4ELN7Q0714WIXDZ,0
927.0,f,benign,R_4ELN7Q0714WIXDZ,0
889.2999999523163,j,benign,R_4ELN7Q0714WIXDZ,0
697.7999999523163,j,benign,R_4ELN7Q0714WIXDZ,0
934.3999998569489,f,benign,R_4ELN7Q0714WIXDZ,0
1169.0999999046326,f,benign,R_4ELN7Q0714WIXDZ,0
606.9000000953674,f,benign,R_4ELN7Q0714WIXDZ,0
978.7999999523163,f,depression,R_4ELN7Q0714WIXDZ,1
768.1000001430511,f,benign,R_4ELN7Q0714WIXDZ,0
685.7999999523163,j,benign,R_4ELN7Q0714WIXDZ,0
509.5,f,benign,R_4ELN7Q0714WIXDZ,0
626.7000000476837,f,positive,R_4ELN7Q0714WIXDZ,0
1373.8999998569489,j,benign,R_4ELN7Q0714WIXDZ,0
731.7000000476837,f,benign,R_4ELN7Q0714WIXDZ,0
954.3999998569489,f,anxiety,R_4ELN7Q0714WIXDZ,1
910.5999999940395,j,benign,R_9fPoQx2VAiJtvot,0
793.8000000119209,j,benign,R_9fPoQx2VAiJtvot,0
818.5,f,benign,R_9fPoQx2VAiJtvot,0
995.5999999940395,j,benign,R_9fPoQx2VAiJtvot,0
1262.199999988079,f,benign,R_9fPoQx2VAiJtvot,0
1000.5999999940395,j,benign,R_9fPoQx2VAiJtvot,0
1048.9000000059605,j,benign,R_9fPoQx2VAiJtvot,0
1189.5999999940395,f,benign,R_9fPoQx2VAiJtvot,0
845.3999999910593,f,positive,R_9fPoQx2VAiJtvot,0
830.2999999970198,j,benign,R_9fPoQx2VAiJtvot,0
853.1000000089407,f,benign,R_9fPoQx2VAiJtvot,0
1349.7000000029802,j,benign,R_9fPoQx2VAiJtvot,0
849.7000000029802,f,benign,R_9fPoQx2VAiJtvot,0
1083.0,j,benign,R_9fPoQx2VAiJtvot,0
813.9000000059605,j,benign,R_9fPoQx2VAiJtvot,0
1322.300000011921,j,benign,R_9fPoQx2VAiJtvot,0
1184.0999999940395,j,positive,R_9fPoQx2VAiJtvot,0
1314.9000000059605,f,benign,R_9fPoQx2VAiJtvot,0
1118.5,j,positive,R_9fPoQx2VAiJtvot,0
1239.8999999910593,j,benign,R_9fPoQx2VAiJtvot,0
1335.4000000059605,j,benign,R_9fPoQx2VAiJtvot,0
1286.6000000089407,j,benign,R_9fPoQx2VAiJtvot,0
1109.5999999940395,f,benign,R_9fPoQx2VAiJtvot,0
1627.0999999940395,j,benign,R_9fPoQx2VAiJtvot,0
1788.5,j,positive,R_9fPoQx2VAiJtvot,0
1279.1000000089407,j,benign,R_9fPoQx2VAiJtvot,0
1534.8999999910593,f,depression,R_9fPoQx2VAiJtvot,1
1421.0,f,positive,R_4EEZWAH8SF10F8e,0
783.0,f,benign,R_4EEZWAH8SF10F8e,0
1609.0,f,benign,R_4EEZWAH8SF10F8e,0
869.0,j,positive,R_4EEZWAH8SF10F8e,0
1330.0000000000582,j,anxiety,R_4EEZWAH8SF10F8e,1
1122.0000000000582,f,depression,R_4EEZWAH8SF10F8e,1
947.0,f,depression,R_4EEZWAH8SF10F8e,1
1964.0,j,anxiety,R_4EEZWAH8SF10F8e,1
913.0,f,positive,R_4EEZWAH8SF10F8e,0
1180.0,f,benign,R_4EEZWAH8SF10F8e,0
1267.0,f,benign,R_4EEZWAH8SF10F8e,0
998.0000000001164,f,benign,R_4EEZWAH8SF10F8e,0
1949.0000000001164,j,positive,R_4EEZWAH8SF10F8e,0
1262.0,f,benign,R_4EEZWAH8SF10F8e,0
1146.0,j,benign,R_4EEZWAH8SF10F8e,0
921.0000000001164,f,positive,R_4EEZWAH8SF10F8e,0
1137.0,j,benign,R_4EEZWAH8SF10F8e,0
1096.0,f,benign,R_4EEZWAH8SF10F8e,0
1391.0,f,positive,R_4EEZWAH8SF10F8e,0
1363.0,f,benign,R_4EEZWAH8SF10F8e,0
926.9999999998836,f,depression,R_4EEZWAH8SF10F8e,1
666.0,f,benign,R_4EEZWAH8SF10F8e,0
2847.0,j,depression,R_4EEZWAH8SF10F8e,1
1375.0,f,benign,R_4EEZWAH8SF10F8e,0
1083.0,j,benign,R_4EEZWAH8SF10F8e,0
2291.9999999998836,j,anxiety,R_4EEZWAH8SF10F8e,1
644.8999999761581,j,benign,R_4AKE20ENCrCGxUl,0
946.5,f,depression,R_4AKE20ENCrCGxUl,1
978.5,j,positive,R_4AKE20ENCrCGxUl,0
2143.900000035763,f,positive,R_4AKE20ENCrCGxUl,0
732.6999999880791,f,benign,R_4AKE20ENCrCGxUl,0
851.8000000119209,f,benign,R_4AKE20ENCrCGxUl,0
1134.199999988079,j,benign,R_4AKE20ENCrCGxUl,0
1634.5999999642372,f,benign,R_4AKE20ENCrCGxUl,0
772.2999999523163,f,anxiety,R_4AKE20ENCrCGxUl,1
852.2999999523163,f,benign,R_4AKE20ENCrCGxUl,0
635.0,f,benign,R_4AKE20ENCrCGxUl,0
1516.300000011921,f,depression,R_4AKE20ENCrCGxUl,1
1858.4000000357628,f,benign,R_4AKE20ENCrCGxUl,0
687.3999999761581,j,anxiety,R_4AKE20ENCrCGxUl,1
1699.699999988079,j,benign,R_4AKE20ENCrCGxUl,0
1756.699999988079,f,depression,R_4AKE20ENCrCGxUl,1
2419.400000035763,j,benign,R_4AKE20ENCrCGxUl,0
962.8999999761581,f,benign,R_4AKE20ENCrCGxUl,0
924.1999999880791,j,anxiety,R_4AKE20ENCrCGxUl,1
562.5,j,positive,R_4AKE20ENCrCGxUl,0
695.5,f,anxiety,R_4AKE20ENCrCGxUl,1
1591.199999988079,j,benign,R_4AKE20ENCrCGxUl,0
871.6000000238419,j,positive,R_4AKE20ENCrCGxUl,0
1461.6000000238419,f,positive,R_4AKE20ENCrCGxUl,0
879.6999999880791,f,benign,R_4AKE20ENCrCGxUl,0
781.8999999761581,j,positive,R_4AKE20ENCrCGxUl,0
808.3999999761581,j,depression,R_4AKE20ENCrCGxUl,1
1369.0,f,benign,R_9aZFWvCRMGokDwl,0
1114.0,f,positive,R_9aZFWvCRMGokDwl,0
939.0,j,benign,R_9aZFWvCRMGokDwl,0
882.0,f,positive,R_9aZFWvCRMGokDwl,0
572.9999999999709,f,benign,R_9aZFWvCRMGokDwl,0
1323.0,j,positive,R_9aZFWvCRMGokDwl,0
804.0,j,benign,R_9aZFWvCRMGokDwl,0
1010.0,f,benign,R_9aZFWvCRMGokDwl,0
703.0000000000291,f,benign,R_9aZFWvCRMGokDwl,0
699.0,j,benign,R_9aZFWvCRMGokDwl,0
906.0,j,benign,R_9aZFWvCRMGokDwl,0
1076.0,j,benign,R_9aZFWvCRMGokDwl,0
1270.0000000000582,j,benign,R_9aZFWvCRMGokDwl,0
1070.0,j,benign,R_9aZFWvCRMGokDwl,0
863.0,j,anxiety,R_9aZFWvCRMGokDwl,1
983.0,f,benign,R_9aZFWvCRMGokDwl,0
785.0,j,benign,R_9aZFWvCRMGokDwl,0
1032.0,j,benign,R_9aZFWvCRMGokDwl,0
1260.0,f,benign,R_9aZFWvCRMGokDwl,0
1055.0,f,positive,R_9aZFWvCRMGokDwl,0
651.0,f,positive,R_9aZFWvCRMGokDwl,0
1429.0,j,positive,R_9aZFWvCRMGokDwl,0
1213.0,f,benign,R_9aZFWvCRMGokDwl,0
1250.0,f,benign,R_9aZFWvCRMGokDwl,0
832.0000000000582,j,benign,R_9aZFWvCRMGokDwl,0
919.0000000000582,j,benign,R_9aZFWvCRMGokDwl,0
855.0,j,benign,R_9aZFWvCRMGokDwl,0
2454.2000000476837,j,positive,R_4eV7QBpawwD6eOr,0
134.40000009536743,j,positive,R_4eV7QBpawwD6eOr,0
21.5,f,benign,R_4eV7QBpawwD6eOr,0
169.09999990463257,f,anxiety,R_4eV7QBpawwD6eOr,1
4.799999952316284,f,benign,R_4eV7QBpawwD6eOr,0
195.40000009536743,f,benign,R_4eV7QBpawwD6eOr,0
177.70000004768372,j,benign,R_4eV7QBpawwD6eOr,0
217.29999995231628,j,benign,R_4eV7QBpawwD6eOr,0
41.799999952316284,f,benign,R_4eV7QBpawwD6eOr,0
195.79999995231628,f,positive,R_4eV7QBpawwD6eOr,0
2.200000047683716,j,positive,R_4eV7QBpawwD6eOr,0
18.800000190734863,f,benign,R_4eV7QBpawwD6eOr,0
1.6000001430511475,j,benign,R_4eV7QBpawwD6eOr,0
3.700000047683716,f,depression,R_4eV7QBpawwD6eOr,1
18.0,j,benign,R_4eV7QBpawwD6eOr,0
139.5,f,anxiety,R_4eV7QBpawwD6eOr,1
37.700000047683716,j,anxiety,R_4eV7QBpawwD6eOr,1
18.5,j,benign,R_4eV7QBpawwD6eOr,0
207.20000004768372,f,depression,R_4eV7QBpawwD6eOr,1
478.0,f,anxiety,R_4eV7QBpawwD6eOr,1
235.5,f,benign,R_4eV7QBpawwD6eOr,0
13.5,j,benign,R_4eV7QBpawwD6eOr,0
38.5,f,benign,R_4eV7QBpawwD6eOr,0
142.90000009536743,j,benign,R_4eV7QBpawwD6eOr,0
185.59999990463257,f,benign,R_4eV7QBpawwD6eOr,0
184.29999995231628,f,benign,R_4eV7QBpawwD6eOr,0
510.2000000476837,f,anxiety,R_4eV7QBpawwD6eOr,1
1176.300000011921,j,benign,R_91jRA37lX3YUEbP,0
2371.0,j,benign,R_91jRA37lX3YUEbP,0
795.6999999880791,f,anxiety,R_91jRA37lX3YUEbP,1
967.5,f,positive,R_91jRA37lX3YUEbP,0
454.90000000596046,j,benign,R_91jRA37lX3YUEbP,0
469.40000000596046,j,positive,R_91jRA37lX3YUEbP,0
585.0,f,benign,R_91jRA37lX3YUEbP,0
1236.0999999940395,f,benign,R_91jRA37lX3YUEbP,0
900.1999999880791,j,anxiety,R_91jRA37lX3YUEbP,1
2199.800000011921,j,anxiety,R_91jRA37lX3YUEbP,1
641.0,j,benign,R_91jRA37lX3YUEbP,0
1000.0999999940395,j,benign,R_91jRA37lX3YUEbP,0
1375.0999999940395,j,anxiety,R_91jRA37lX3YUEbP,1
663.6000000238419,j,positive,R_91jRA37lX3YUEbP,0
716.6999999880791,f,depression,R_91jRA37lX3YUEbP,1
1447.5,j,benign,R_91jRA37lX3YUEbP,0
816.9000000059605,f,anxiety,R_91jRA37lX3YUEbP,1
966.9000000059605,f,depression,R_91jRA37lX3YUEbP,1
988.4000000059605,j,benign,R_91jRA37lX3YUEbP,0
1588.2000000178814,f,depression,R_91jRA37lX3YUEbP,1
1406.8999999761581,j,benign,R_91jRA37lX3YUEbP,0
1043.0,f,benign,R_91jRA37lX3YUEbP,0
1393.0,j,benign,R_91jRA37lX3YUEbP,0
865.4000000059605,f,benign,R_91jRA37lX3YUEbP,0
1210.5,j,benign,R_91jRA37lX3YUEbP,0
1148.699999988079,j,depression,R_91jRA37lX3YUEbP,1
1243.0,j,anxiety,R_4PvVrWZ4ldg9ZuE,1
809.0,f,benign,R_4PvVrWZ4ldg9ZuE,0
1508.0,f,depression,R_4PvVrWZ4ldg9ZuE,1
2393.0,j,benign,R_4PvVrWZ4ldg9ZuE,0
2309.0,j,positive,R_4PvVrWZ4ldg9ZuE,0
1791.0,f,benign,R_4PvVrWZ4ldg9ZuE,0
1880.0,j,positive,R_4PvVrWZ4ldg9ZuE,0
1264.0,j,benign,R_4PvVrWZ4ldg9ZuE,0
2929.0,j,depression,R_4PvVrWZ4ldg9ZuE,1
2786.0,j,benign,R_4PvVrWZ4ldg9ZuE,0
2080.0,f,depression,R_4PvVrWZ4ldg9ZuE,1
2192.0,j,benign,R_4PvVrWZ4ldg9ZuE,0
1630.0,f,depression,R_4PvVrWZ4ldg9ZuE,1
926.0,f,depression,R_4PvVrWZ4ldg9ZuE,1
1196.0,f,anxiety,R_4PvVrWZ4ldg9ZuE,1
976.0,j,anxiety,R_4PvVrWZ4ldg9ZuE,1
1614.0,f,benign,R_4PvVrWZ4ldg9ZuE,0
2075.0,j,positive,R_4PvVrWZ4ldg9ZuE,0
1045.0,j,positive,R_4PvVrWZ4ldg9ZuE,0
1391.0,f,benign,R_4PvVrWZ4ldg9ZuE,0
1528.0,j,depression,R_4PvVrWZ4ldg9ZuE,1
1294.0,j,anxiety,R_4PvVrWZ4ldg9ZuE,1
1779.0,j,anxiety,R_4PvVrWZ4ldg9ZuE,1
1348.0,j,benign,R_4PvVrWZ4ldg9ZuE,0
752.2999999998137,f,benign,R_9Y3cXt4ARx4xD6T,0
1436.2999999998137,j,anxiety,R_9Y3cXt4ARx4xD6T,1
986.8999999994412,f,anxiety,R_9Y3cXt4ARx4xD6T,1
1019.2000000001863,f,anxiety,R_9Y3cXt4ARx4xD6T,1
1013.2999999998137,f,benign,R_9Y3cXt4ARx4xD6T,0
1868.300000000745,f,benign,R_9Y3cXt4ARx4xD6T,0
2180.2000000001863,f,benign,R_9Y3cXt4ARx4xD6T,0
1585.5,f,benign,R_9Y3cXt4ARx4xD6T,0
845.0999999996275,j,benign,R_9Y3cXt4ARx4xD6T,0
779.5,f,anxiety,R_9Y3cXt4ARx4xD6T,1
737.0999999996275,f,benign,R_9Y3cXt4ARx4xD6T,0
626.7000000001863,f,anxiety,R_9Y3cXt4ARx4xD6T,1
811.5,j,depression,R_9Y3cXt4ARx4xD6T,1
1176.2999999998137,f,benign,R_9Y3cXt4ARx4xD6T,0
1684.0999999996275,j,positive,R_9Y3cXt4ARx4xD6T,0
1796.5,j,positive,R_9Y3cXt4ARx4xD6T,0
888.7000000001863,j,positive,R_9Y3cXt4ARx4xD6T,0
777.8999999994412,f,depression,R_9Y3cXt4ARx4xD6T,1
1141.5999999996275,f,positive,R_9Y3cXt4ARx4xD6T,0
1369.0,f,benign,R_9Y3cXt4ARx4xD6T,0
760.5,f,benign,R_9Y3cXt4ARx4xD6T,0
913.7000000001863,j,benign,R_9Y3cXt4ARx4xD6T,0
1453.5,j,positive,R_9Y3cXt4ARx4xD6T,0
2364.7000000001863,f,depression,R_9Y3cXt4ARx4xD6T,1
1472.2000000001863,j,depression,R_9Y3cXt4ARx4xD6T,1
1201.0,f,benign,R_9Y3cXt4ARx4xD6T,0
937.9999999999418,j,benign,R_9N32winq5vbF1El,0
760.0,f,benign,R_9N32winq5vbF1El,0
1246.0,j,benign,R_9N32winq5vbF1El,0
1460.0,f,benign,R_9N32winq5vbF1El,0
910.0000000001164,f,positive,R_9N32winq5vbF1El,0
797.0,j,benign,R_9N32winq5vbF1El,0
1283.9999999998836,j,positive,R_9N32winq5vbF1El,0
1049.9999999998836,f,anxiety,R_9N32winq5vbF1El,1
785.0,j,anxiety,R_9N32winq5vbF1El,1
636.0000000001164,j,positive,R_9N32winq5vbF1El,0
1224.0,j,anxiety,R_9N32winq5vbF1El,1
1347.0,f,benign,R_9N32winq5vbF1El,0
1625.0,j,depression,R_9N32winq5vbF1El,1
699.0,j,benign,R_9N32winq5vbF1El,0
1286.0,f,benign,R_9N32winq5vbF1El,0
1090.9999999998836,f,anxiety,R_9N32winq5vbF1El,1
810.0,f,benign,R_9N32winq5vbF1El,0
797.0,f,depression,R_9N32winq5vbF1El,1
650.0,j,depression,R_9N32winq5vbF1El,1
707.0,f,benign,R_9N32winq5vbF1El,0
849.0,f,depression,R_9N32winq5vbF1El,1
848.0,f,benign,R_9N32winq5vbF1El,0
1160.0,f,positive,R_9N32winq5vbF1El,0
487.0,f,benign,R_9N32winq5vbF1El,0
861.0,f,benign,R_9N32winq5vbF1El,0
1476.9999999998836,f,benign,R_9N32winq5vbF1El,0
468.7999999523163,f,benign,R_9uYGNjx9yWaODxD,0
683.5999999046326,f,benign,R_9uYGNjx9yWaODxD,0
426.39999997615814,f,benign,R_9uYGNjx9yWaODxD,0
805.0,j,anxiety,R_9uYGNjx9yWaODxD,1
901.7000000476837,j,anxiety,R_9uYGNjx9yWaODxD,1
918.2000000476837,f,anxiety,R_9uYGNjx9yWaODxD,1
892.7000000476837,j,positive,R_9uYGNjx9yWaODxD,0
564.3999999761581,f,depression,R_9uYGNjx9yWaODxD,1
704.5,j,positive,R_9uYGNjx9yWaODxD,0
1418.5,f,benign,R_9uYGNjx9yWaODxD,0
1198.1999999284744,f,benign,R_9uYGNjx9yWaODxD,0
868.6000000238419,j,depression,R_9uYGNjx9yWaODxD,1
2116.5,j,benign,R_9uYGNjx9yWaODxD,0
563.1000000238419,f,benign,R_9uYGNjx9yWaODxD,0
1400.7000000476837,f,benign,R_9uYGNjx9yWaODxD,0
882.7999999523163,f,benign,R_9uYGNjx9yWaODxD,0
824.3999999761581,j,depression,R_9uYGNjx9yWaODxD,1
1391.3999999761581,j,anxiety,R_9uYGNjx9yWaODxD,1
2439.7000000476837,j,benign,R_9uYGNjx9yWaODxD,0
2054.2999999523163,j,anxiety,R_9uYGNjx9yWaODxD,1
809.5,j,depression,R_9uYGNjx9yWaODxD,1
913.6999999284744,j,positive,R_9uYGNjx9yWaODxD,0
986.2999999523163,f,benign,R_9uYGNjx9yWaODxD,0
1336.4000000953674,f,anxiety,R_9uYGNjx9yWaODxD,1
1255.1000000238419,j,anxiety,R_9uYGNjx9yWaODxD,1
1233.6999999284744,f,positive,R_9uYGNjx9yWaODxD,0
1146.2000000476837,j,benign,R_9uYGNjx9yWaODxD,0
1486.0999999977648,j,positive,R_9OPvlHXlbPmz754,0
2663.10000000149,f,positive,R_9OPvlHXlbPmz754,0
895.4000000022352,j,benign,R_9OPvlHXlbPmz754,0
1874.7000000029802,j,positive,R_9OPvlHXlbPmz754,0
501.69999999925494,f,benign,R_9OPvlHXlbPmz754,0
1000.6000000014901,f,benign,R_9OPvlHXlbPmz754,0
1662.1000000014901,j,benign,R_9OPvlHXlbPmz754,0
2046.8999999985099,f,benign,R_9OPvlHXlbPmz754,0
1693.699999999255,j,benign,R_9OPvlHXlbPmz754,0
1343.1000000014901,j,benign,R_9OPvlHXlbPmz754,0
2660.5,j,benign,R_9OPvlHXlbPmz754,0
1416.2000000029802,j,benign,R_9OPvlHXlbPmz754,0
1221.4000000022352,j,benign,R_9OPvlHXlbPmz754,0
1750.0999999977648,f,benign,R_9OPvlHXlbPmz754,0
2211.199999999255,f,benign,R_9OPvlHXlbPmz754,0
1725.300000000745,f,benign,R_9OPvlHXlbPmz754,0
2304.7999999970198,j,positive,R_9OPvlHXlbPmz754,0
779.5,f,positive,R_9OPvlHXlbPmz754,0
2125.2000000029802,j,benign,R_9OPvlHXlbPmz754,0
1957.300000000745,f,benign,R_9OPvlHXlbPmz754,0
1072.0999999642372,f,benign,R_4rHDTNQ0TLPg3iz,0
1785.8999999761581,f,anxiety,R_4rHDTNQ0TLPg3iz,1
1994.199999988079,j,benign,R_4rHDTNQ0TLPg3iz,0
735.3999999761581,f,depression,R_4rHDTNQ0TLPg3iz,1
1345.0999999642372,j,benign,R_4rHDTNQ0TLPg3iz,0
939.1999999880791,j,benign,R_4rHDTNQ0TLPg3iz,0
1002.0,j,benign,R_4rHDTNQ0TLPg3iz,0
1064.2000000476837,f,benign,R_4rHDTNQ0TLPg3iz,0
1040.9000000357628,j,benign,R_4rHDTNQ0TLPg3iz,0
1053.0,j,anxiety,R_4rHDTNQ0TLPg3iz,1
647.8000000119209,f,benign,R_4rHDTNQ0TLPg3iz,0
434.19999998807907,j,benign,R_4rHDTNQ0TLPg3iz,0
490.0999999642372,f,depression,R_4rHDTNQ0TLPg3iz,1
320.69999998807907,f,depression,R_4rHDTNQ0TLPg3iz,1
287.0999999642372,j,benign,R_4rHDTNQ0TLPg3iz,0
286.10000002384186,f,benign,R_4rHDTNQ0TLPg3iz,0
341.89999997615814,j,positive,R_4rHDTNQ0TLPg3iz,0
314.30000001192093,f,benign,R_4rHDTNQ0TLPg3iz,0
496.10000002384186,f,positive,R_4rHDTNQ0TLPg3iz,0
374.5999999642372,f,positive,R_4rHDTNQ0TLPg3iz,0
449.80000001192093,f,depression,R_4rHDTNQ0TLPg3iz,1
264.30000001192093,j,benign,R_4rHDTNQ0TLPg3iz,0
313.7000000476837,f,anxiety,R_4rHDTNQ0TLPg3iz,1
275.2999999523163,j,positive,R_4rHDTNQ0TLPg3iz,0
314.5,f,depression,R_4rHDTNQ0TLPg3iz,1
238.80000001192093,j,depression,R_4rHDTNQ0TLPg3iz,1
251.69999998807907,f,benign,R_4rHDTNQ0TLPg3iz,0
1146.5999999940395,f,benign,R_9x36NNwdNT2QnEB,0
1036.8999999910593,f,benign,R_9x36NNwdNT2QnEB,0
1881.6000000089407,j,positive,R_9x36NNwdNT2QnEB,0
997.5999999940395,f,benign,R_9x36NNwdNT2QnEB,0
1316.0999999940395,j,positive,R_9x36NNwdNT2QnEB,0
2140.2999999970198,j,depression,R_9x36NNwdNT2QnEB,1
960.7000000029802,j,benign,R_9x36NNwdNT2QnEB,0
1254.0999999940395,f,benign,R_9x36NNwdNT2QnEB,0
1931.5999999940395,j,benign,R_9x36NNwdNT2QnEB,0
1333.7999999970198,f,benign,R_9x36NNwdNT2QnEB,0
1238.2000000029802,f,benign,R_9x36NNwdNT2QnEB,0
866.0,j,positive,R_9x36NNwdNT2QnEB,0
858.9000000059605,j,depression,R_9x36NNwdNT2QnEB,1
542.7000000029802,f,benign,R_9x36NNwdNT2QnEB,0
722.2999999970198,j,benign,R_9x36NNwdNT2QnEB,0
875.8999999910593,j,depression,R_9x36NNwdNT2QnEB,1
1020.9000000059605,j,anxiety,R_9x36NNwdNT2QnEB,1
643.9000000059605,j,anxiety,R_9x36NNwdNT2QnEB,1
756.8999999910593,j,depression,R_9x36NNwdNT2QnEB,1
1135.300000011921,j,anxiety,R_9x36NNwdNT2QnEB,1
2113.9000000059605,j,anxiety,R_9x36NNwdNT2QnEB,1
2658.2000000029802,f,benign,R_9x36NNwdNT2QnEB,0
739.7999999970198,j,benign,R_9x36NNwdNT2QnEB,0
641.4000000059605,j,positive,R_9x36NNwdNT2QnEB,0
843.6999999880791,j,depression,R_9x36NNwdNT2QnEB,1
1284.2999999970198,j,benign,R_9x36NNwdNT2QnEB,0
1430.6000000238419,j,positive,R_4DfI1n39Bzpi2xH,0
2532.399999976158,j,benign,R_4DfI1n39Bzpi2xH,0
1651.8000000715256,f,benign,R_4DfI1n39Bzpi2xH,0
2724.5,f,anxiety,R_4DfI1n39Bzpi2xH,1
912.5,j,benign,R_4DfI1n39Bzpi2xH,0
760.2999999523163,j,benign,R_4DfI1n39Bzpi2xH,0
1790.6999999284744,f,anxiety,R_4DfI1n39Bzpi2xH,1
2668.0,j,anxiety,R_4DfI1n39Bzpi2xH,1
1740.8999999761581,j,positive,R_4DfI1n39Bzpi2xH,0
1314.5,j,benign,R_4DfI1n39Bzpi2xH,0
2577.1999999284744,j,benign,R_4DfI1n39Bzpi2xH,0
1756.6999999284744,j,benign,R_4DfI1n39Bzpi2xH,0
1052.0,j,benign,R_4DfI1n39Bzpi2xH,0
2034.1000000238419,f,positive,R_4DfI1n39Bzpi2xH,0
779.0,f,benign,R_4DfI1n39Bzpi2xH,0
2160.5,j,benign,R_4DfI1n39Bzpi2xH,0
966.8999999761581,f,benign,R_4DfI1n39Bzpi2xH,0
927.7000000476837,f,benign,R_4DfI1n39Bzpi2xH,0
1212.1000000238419,f,benign,R_4DfI1n39Bzpi2xH,0
1343.3999999761581,j,benign,R_4DfI1n39Bzpi2xH,0
861.8999999761581,j,benign,R_4DfI1n39Bzpi2xH,0
1807.0,f,benign,R_4DfI1n39Bzpi2xH,0
1775.8000000715256,j,benign,R_4DfI1n39Bzpi2xH,0
1166.7999999523163,f,positive,R_4DfI1n39Bzpi2xH,0
1231.1000000238419,f,benign,R_4DfI1n39Bzpi2xH,0
1459.0,f,positive,R_4DfI1n39Bzpi2xH,0
1184.0,j,benign,R_4DfI1n39Bzpi2xH,0
1607.8999999761581,f,depression,R_9emki3uWpm88jEt,1
1646.5999999046326,f,anxiety,R_9emki3uWpm88jEt,1
1262.5999999046326,f,anxiety,R_9emki3uWpm88jEt,1
2285.399999976158,f,benign,R_9emki3uWpm88jEt,0
1224.6000000238419,f,depression,R_9emki3uWpm88jEt,1
1544.1999999284744,f,positive,R_9emki3uWpm88jEt,0
820.0,j,depression,R_9emki3uWpm88jEt,1
741.8999999761581,f,depression,R_9emki3uWpm88jEt,1
1396.8999999761581,j,benign,R_9emki3uWpm88jEt,0
1353.7000000476837,j,positive,R_9emki3uWpm88jEt,0
1353.0,j,benign,R_9emki3uWpm88jEt,0
1255.6000000238419,f,benign,R_9emki3uWpm88jEt,0
2714.5,f,benign,R_9emki3uWpm88jEt,0
2012.7000000476837,j,benign,R_9emki3uWpm88jEt,0
2148.3000000715256,f,benign,R_9emki3uWpm88jEt,0
2498.600000023842,f,benign,R_9emki3uWpm88jEt,0
1203.1000000238419,f,anxiety,R_9emki3uWpm88jEt,1
1500.6000000238419,j,depression,R_9emki3uWpm88jEt,1
2066.5,j,anxiety,R_9emki3uWpm88jEt,1
1244.5999999046326,j,depression,R_9emki3uWpm88jEt,1
2903.0,f,anxiety,R_9emki3uWpm88jEt,1
1536.6999999284744,j,depression,R_9emki3uWpm88jEt,1
1357.0,f,benign,R_9emki3uWpm88jEt,0
1828.8999999761581,f,anxiety,R_9emki3uWpm88jEt,1
669.5,f,positive,R_9emki3uWpm88jEt,0
798.5,f,benign,R_9emki3uWpm88jEt,0
2007.5999999996275,f,anxiety,R_9gLQpOlUhCZbZf0,1
1017.4000000003725,j,benign,R_9gLQpOlUhCZbZf0,0
1187.300000000745,f,anxiety,R_9gLQpOlUhCZbZf0,1
1382.0,f,benign,R_9gLQpOlUhCZbZf0,0
1693.9000000003725,j,benign,R_9gLQpOlUhCZbZf0,0
1605.0999999996275,j,depression,R_9gLQpOlUhCZbZf0,1
2492.699999999255,f,benign,R_9gLQpOlUhCZbZf0,0
1873.5,j,benign,R_9gLQpOlUhCZbZf0,0
1015.0,j,depression,R_9gLQpOlUhCZbZf0,1
1734.9000000003725,f,benign,R_9gLQpOlUhCZbZf0,0
1899.6000000014901,f,benign,R_9gLQpOlUhCZbZf0,0
2901.699999999255,f,positive,R_9gLQpOlUhCZbZf0,0
2660.9000000003725,j,benign,R_9gLQpOlUhCZbZf0,0
1476.800000000745,j,benign,R_9gLQpOlUhCZbZf0,0
2419.0,f,benign,R_9gLQpOlUhCZbZf0,0
1837.7000000011176,f,benign,R_9gLQpOlUhCZbZf0,0
1891.9000000003725,j,benign,R_9gLQpOlUhCZbZf0,0
2244.7000000011176,j,benign,R_9gLQpOlUhCZbZf0,0
1731.5,j,benign,R_9gLQpOlUhCZbZf0,0
937.8000000007451,f,anxiety,R_9gLQpOlUhCZbZf0,1
1059.699999999255,f,benign,R_9gLQpOlUhCZbZf0,0
1337.699999999255,j,benign,R_9gLQpOlUhCZbZf0,0
1408.7000000011176,j,depression,R_9gLQpOlUhCZbZf0,1
1821.5999999996275,f,positive,R_9gLQpOlUhCZbZf0,0
1093.9000000003725,j,benign,R_9gLQpOlUhCZbZf0,0
1144.199999999255,j,benign,R_9gLQpOlUhCZbZf0,0
2042.9000000357628,j,depression,R_91tsT1u49aBUhks,1
1086.199999988079,f,positive,R_91tsT1u49aBUhks,0
1785.9000000357628,f,benign,R_91tsT1u49aBUhks,0
859.8000000119209,j,depression,R_91tsT1u49aBUhks,1
1175.6000000238419,j,benign,R_91tsT1u49aBUhks,0
995.3000000119209,f,benign,R_91tsT1u49aBUhks,0
2318.0,f,benign,R_91tsT1u49aBUhks,0
2533.699999988079,j,benign,R_91tsT1u49aBUhks,0
2502.699999988079,j,benign,R_91tsT1u49aBUhks,0
2240.099999964237,f,positive,R_91tsT1u49aBUhks,0
1545.1000000238419,j,anxiety,R_91tsT1u49aBUhks,1
845.7000000476837,f,depression,R_91tsT1u49aBUhks,1
1521.6000000238419,j,benign,R_91tsT1u49aBUhks,0
736.7999999523163,j,positive,R_91tsT1u49aBUhks,0
928.8000000119209,j,benign,R_91tsT1u49aBUhks,0
570.8000000119209,j,positive,R_91tsT1u49aBUhks,0
796.7999999523163,f,benign,R_91tsT1u49aBUhks,0
379.19999998807907,j,benign,R_91tsT1u49aBUhks,0
971.4000000357628,j,benign,R_91tsT1u49aBUhks,0
707.1999999880791,j,positive,R_91tsT1u49aBUhks,0
581.3000000119209,f,benign,R_91tsT1u49aBUhks,0
1193.5999999642372,f,benign,R_91tsT1u49aBUhks,0
940.0,j,benign,R_91tsT1u49aBUhks,0
830.0,f,anxiety,R_91tsT1u49aBUhks,1
1464.2000000476837,f,benign,R_91tsT1u49aBUhks,0
1643.5,f,positive,R_91tsT1u49aBUhks,0
1230.0,f,benign,R_9LAP8tEg6HUmoat,0
1277.0,j,benign,R_9LAP8tEg6HUmoat,0
690.0,f,benign,R_9LAP8tEg6HUmoat,0
1943.0,f,benign,R_9LAP8tEg6HUmoat,0
1280.0,j,benign,R_9LAP8tEg6HUmoat,0
1578.0,f,positive,R_9LAP8tEg6HUmoat,0
1061.0,f,benign,R_9LAP8tEg6HUmoat,0
1147.0,f,benign,R_9LAP8tEg6HUmoat,0
2171.0,f,positive,R_9LAP8tEg6HUmoat,0
2372.0,j,depression,R_9LAP8tEg6HUmoat,1
1342.0,f,positive,R_9LAP8tEg6HUmoat,0
2149.0,j,anxiety,R_9LAP8tEg6HUmoat,1
2299.0,j,anxiety,R_9LAP8tEg6HUmoat,1
1707.0,f,benign,R_9LAP8tEg6HUmoat,0
2340.0,j,positive,R_9LAP8tEg6HUmoat,0
2023.0,j,depression,R_9LAP8tEg6HUmoat,1
1923.0,j,benign,R_9LAP8tEg6HUmoat,0
1524.0,j,benign,R_9LAP8tEg6HUmoat,0
1578.0,f,benign,R_9LAP8tEg6HUmoat,0
2303.0,f,depression,R_9LAP8tEg6HUmoat,1
2430.0,f,depression,R_9LAP8tEg6HUmoat,1
1137.0,j,benign,R_9LAP8tEg6HUmoat,0
1456.0,j,anxiety,R_9LAP8tEg6HUmoat,1
2993.0,f,positive,R_9LAP8tEg6HUmoat,0
812.0,j,benign,R_9LAP8tEg6HUmoat,0
1914.0,j,depression,R_9LAP8tEg6HUmoat,1
1631.1999998092651,j,depression,R_4GCVAoEofofJmxX,1
1132.2999997138977,f,positive,R_4GCVAoEofofJmxX,0
998.5,f,anxiety,R_4GCVAoEofofJmxX,1
1067.1999998092651,j,positive,R_4GCVAoEofofJmxX,0
670.9000000953674,f,positive,R_4GCVAoEofofJmxX,0
638.2999997138977,f,benign,R_4GCVAoEofofJmxX,0
733.2000002861023,f,benign,R_4GCVAoEofofJmxX,0
701.3999996185303,j,benign,R_4GCVAoEofofJmxX,0
1070.6999998092651,f,positive,R_4GCVAoEofofJmxX,0
676.2000002861023,f,benign,R_4GCVAoEofofJmxX,0
749.1000003814697,j,positive,R_4GCVAoEofofJmxX,0
664.0999999046326,f,benign,R_4GCVAoEofofJmxX,0
736.9000000953674,j,benign,R_4GCVAoEofofJmxX,0
747.7999997138977,j,depression,R_4GCVAoEofofJmxX,1
737.5,j,anxiety,R_4GCVAoEofofJmxX,1
855.0,f,depression,R_4GCVAoEofofJmxX,1
608.7999997138977,f,benign,R_4GCVAoEofofJmxX,0
514.4000000953674,j,positive,R_4GCVAoEofofJmxX,0
392.19999980926514,f,benign,R_4GCVAoEofofJmxX,0
578.7999997138977,j,benign,R_4GCVAoEofofJmxX,0
572.2000002861023,j,anxiety,R_4GCVAoEofofJmxX,1
461.40000009536743,j,benign,R_4GCVAoEofofJmxX,0
396.30000019073486,f,benign,R_4GCVAoEofofJmxX,0
436.69999980926514,f,benign,R_4GCVAoEofofJmxX,0
858.5,j,benign,R_4GCVAoEofofJmxX,0
568.3000001907349,j,anxiety,R_4GCVAoEofofJmxX,1
705.5,j,anxiety,R_4GCVAoEofofJmxX,1
1303.0,j,anxiety,R_4dtvPF6tKUsY2Dr,1
1060.000000000029,j,benign,R_4dtvPF6tKUsY2Dr,0
1655.0,j,benign,R_4dtvPF6tKUsY2Dr,0
402.0,j,benign,R_4dtvPF6tKUsY2Dr,0
771.0000000000291,j,benign,R_4dtvPF6tKUsY2Dr,0
680.0,f,positive,R_4dtvPF6tKUsY2Dr,0
1018.0,j,positive,R_4dtvPF6tKUsY2Dr,0
721.0,f,benign,R_4dtvPF6tKUsY2Dr,0
1102.0,j,depression,R_4dtvPF6tKUsY2Dr,1
663.0,f,benign,R_4dtvPF6tKUsY2Dr,0
877.0,j,positive,R_4dtvPF6tKUsY2Dr,0
669.9999999999418,j,positive,R_4dtvPF6tKUsY2Dr,0
605.0,f,positive,R_4dtvPF6tKUsY2Dr,0
462.0,j,benign,R_4dtvPF6tKUsY2Dr,0
2065.0,f,anxiety,R_4dtvPF6tKUsY2Dr,1
715.0,j,benign,R_4dtvPF6tKUsY2Dr,0
786.0,j,depression,R_4dtvPF6tKUsY2Dr,1
468.0,f,anxiety,R_4dtvPF6tKUsY2Dr,1
806.9999999999418,f,benign,R_4dtvPF6tKUsY2Dr,0
763.0000000000582,j,benign,R_4dtvPF6tKUsY2Dr,0
527.9999999999418,f,benign,R_4dtvPF6tKUsY2Dr,0
480.0,j,benign,R_4dtvPF6tKUsY2Dr,0
876.0,j,benign,R_4dtvPF6tKUsY2Dr,0
441.9999999999418,f,benign,R_4dtvPF6tKUsY2Dr,0
1174.0,f,anxiety,R_4dtvPF6tKUsY2Dr,1
715.0,j,benign,R_4dtvPF6tKUsY2Dr,0
636.0,f,positive,R_4dtvPF6tKUsY2Dr,0
686.0000000000291,f,anxiety,R_9bTZgIxUTHOBB65,1
695.0,f,benign,R_9bTZgIxUTHOBB65,0
792.0,f,benign,R_9bTZgIxUTHOBB65,0
731.0000000000291,j,anxiety,R_9bTZgIxUTHOBB65,1
715.0,f,benign,R_9bTZgIxUTHOBB65,0
819.0,f,positive,R_9bTZgIxUTHOBB65,0
1452.000000000029,f,anxiety,R_9bTZgIxUTHOBB65,1
889.0000000000291,j,benign,R_9bTZgIxUTHOBB65,0
938.0000000000291,j,benign,R_9bTZgIxUTHOBB65,0
771.0,j,benign,R_9bTZgIxUTHOBB65,0
1352.0,j,depression,R_9bTZgIxUTHOBB65,1
730.0,f,benign,R_9bTZgIxUTHOBB65,0
775.0,j,anxiety,R_9bTZgIxUTHOBB65,1
1192.0,f,anxiety,R_9bTZgIxUTHOBB65,1
476.0,f,benign,R_9bTZgIxUTHOBB65,0
748.0,f,positive,R_9bTZgIxUTHOBB65,0
1008.0000000000291,j,benign,R_9bTZgIxUTHOBB65,0
678.0,f,benign,R_9bTZgIxUTHOBB65,0
919.0000000000291,f,anxiety,R_9bTZgIxUTHOBB65,1
891.0,j,benign,R_9bTZgIxUTHOBB65,0
857.0,f,benign,R_9bTZgIxUTHOBB65,0
908.0,j,depression,R_9bTZgIxUTHOBB65,1
1335.999999999971,j,benign,R_9bTZgIxUTHOBB65,0
946.0,j,benign,R_9bTZgIxUTHOBB65,0
564.0000000000291,f,benign,R_9bTZgIxUTHOBB65,0
637.0,j,benign,R_9bTZgIxUTHOBB65,0
137.79999995231628,f,depression,R_9GEAlR8ckucpR5i,1
95.20000004768372,j,depression,R_9GEAlR8ckucpR5i,1
614.2000000476837,f,positive,R_9GEAlR8ckucpR5i,0
172.09999990463257,f,depression,R_9GEAlR8ckucpR5i,1
218.59999990463257,j,depression,R_9GEAlR8ckucpR5i,1
159.89999985694885,j,benign,R_9GEAlR8ckucpR5i,0
147.5,j,depression,R_9GEAlR8ckucpR5i,1
177.79999995231628,f,depression,R_9GEAlR8ckucpR5i,1
250.09999990463257,f,depression,R_9GEAlR8ckucpR5i,1
174.5,j,benign,R_9GEAlR8ckucpR5i,0
57.39999985694885,f,positive,R_9GEAlR8ckucpR5i,0
138.39999985694885,j,anxiety,R_9GEAlR8ckucpR5i,1
210.09999990463257,f,benign,R_9GEAlR8ckucpR5i,0
124.09999990463257,j,anxiety,R_9GEAlR8ckucpR5i,1
239.0,j,benign,R_9GEAlR8ckucpR5i,0
94.79999995231628,f,positive,R_9GEAlR8ckucpR5i,0
157.89999985694885,f,positive,R_9GEAlR8ckucpR5i,0
168.5,f,benign,R_9GEAlR8ckucpR5i,0
372.39999985694885,f,benign,R_9GEAlR8ckucpR5i,0
585.5,f,benign,R_9GEAlR8ckucpR5i,0
171.09999990463257,f,anxiety,R_9GEAlR8ckucpR5i,1
226.40000009536743,f,anxiety,R_9GEAlR8ckucpR5i,1
147.39999985694885,f,positive,R_9GEAlR8ckucpR5i,0
156.09999990463257,f,anxiety,R_9GEAlR8ckucpR5i,1
239.70000004768372,f,benign,R_9GEAlR8ckucpR5i,0
242.0,f,positive,R_9GEAlR8ckucpR5i,0
120.5,f,benign,R_9GEAlR8ckucpR5i,0
2661.699999988079,f,benign,R_95AaIqXMdbZ4Fhr,0
1846.1000000238419,f,positive,R_95AaIqXMdbZ4Fhr,0
1690.8999999761581,j,benign,R_95AaIqXMdbZ4Fhr,0
1903.5,f,positive,R_95AaIqXMdbZ4Fhr,0
2145.100000023842,f,benign,R_95AaIqXMdbZ4Fhr,0
1878.199999988079,j,benign,R_95AaIqXMdbZ4Fhr,0
2921.199999988079,f,benign,R_95AaIqXMdbZ4Fhr,0
2496.199999988079,j,benign,R_95AaIqXMdbZ4Fhr,0
2922.300000011921,f,benign,R_95AaIqXMdbZ4Fhr,0
2787.699999988079,f,benign,R_95AaIqXMdbZ4Fhr,0
1897.9000000357628,j,benign,R_95AaIqXMdbZ4Fhr,0
2721.2999999523163,f,benign,R_95AaIqXMdbZ4Fhr,0
1463.5,f,benign,R_95AaIqXMdbZ4Fhr,0
1988.8999999761581,j,benign,R_95AaIqXMdbZ4Fhr,0
1651.0,f,benign,R_95AaIqXMdbZ4Fhr,0
2545.0,j,benign,R_95AaIqXMdbZ4Fhr,0
1996.8999999761581,j,benign,R_95AaIqXMdbZ4Fhr,0
1342.3999999761581,j,depression,R_95AaIqXMdbZ4Fhr,1
1809.3999999761581,j,anxiety,R_95AaIqXMdbZ4Fhr,1
1963.7000000476837,f,anxiety,R_95AaIqXMdbZ4Fhr,1
1757.4000000357628,j,benign,R_95AaIqXMdbZ4Fhr,0
2711.100000023842,f,depression,R_95AaIqXMdbZ4Fhr,1
2742.5,f,anxiety,R_95AaIqXMdbZ4Fhr,1
1556.7999999523163,j,benign,R_4lPSocYI5nk7Coh,0
1638.800000011921,j,positive,R_4lPSocYI5nk7Coh,0
1060.699999988079,f,positive,R_4lPSocYI5nk7Coh,0
994.0,f,benign,R_4lPSocYI5nk7Coh,0
1351.300000011921,j,anxiety,R_4lPSocYI5nk7Coh,1
2328.399999976158,j,anxiety,R_4lPSocYI5nk7Coh,1
760.3000000119209,f,positive,R_4lPSocYI5nk7Coh,0
1093.199999988079,j,anxiety,R_4lPSocYI5nk7Coh,1
1149.0,f,benign,R_4lPSocYI5nk7Coh,0
1244.1000000238419,f,benign,R_4lPSocYI5nk7Coh,0
1564.800000011921,j,depression,R_4lPSocYI5nk7Coh,1
1905.5,j,benign,R_4lPSocYI5nk7Coh,0
1669.199999988079,f,benign,R_4lPSocYI5nk7Coh,0
2020.2999999523163,j,benign,R_4lPSocYI5nk7Coh,0
1243.699999988079,j,benign,R_4lPSocYI5nk7Coh,0
2052.600000023842,f,benign,R_4lPSocYI5nk7Coh,0
1449.9000000357628,f,anxiety,R_4lPSocYI5nk7Coh,1
1254.5,j,benign,R_4lPSocYI5nk7Coh,0
1815.199999988079,j,depression,R_4lPSocYI5nk7Coh,1
2378.600000023842,f,anxiety,R_4lPSocYI5nk7Coh,1
1617.7999999523163,j,depression,R_4lPSocYI5nk7Coh,1
1471.0999999642372,f,benign,R_4lPSocYI5nk7Coh,0
1074.0,f,positive,R_4lPSocYI5nk7Coh,0
936.1999999880791,f,benign,R_4lPSocYI5nk7Coh,0
1171.5,j,benign,R_4lPSocYI5nk7Coh,0
1325.0,j,benign,R_4lPSocYI5nk7Coh,0
1169.5,j,benign,R_4DYHJAe9FwcAbYM,0
1285.4000000022352,f,depression,R_4DYHJAe9FwcAbYM,1
1237.5,j,benign,R_4DYHJAe9FwcAbYM,0
1042.699999999255,j,depression,R_4DYHJAe9FwcAbYM,1
1488.6000000014901,j,positive,R_4DYHJAe9FwcAbYM,0
2512.89999999851,f,depression,R_4DYHJAe9FwcAbYM,1
770.5999999977648,j,benign,R_4DYHJAe9FwcAbYM,0
776.7999999970198,f,anxiety,R_4DYHJAe9FwcAbYM,1
749.5,j,benign,R_4DYHJAe9FwcAbYM,0
955.5999999977648,f,benign,R_4DYHJAe9FwcAbYM,0
543.6999999992549,j,anxiety,R_4DYHJAe9FwcAbYM,1
1064.699999999255,f,positive,R_4DYHJAe9FwcAbYM,0
1911.5999999977648,f,benign,R_4DYHJAe9FwcAbYM,0
1221.699999999255,f,anxiety,R_4DYHJAe9FwcAbYM,1
949.6999999992549,j,benign,R_4DYHJAe9FwcAbYM,0
1418.5999999977648,f,anxiety,R_4DYHJAe9FwcAbYM,1
1616.699999999255,j,positive,R_4DYHJAe9FwcAbYM,0
1207.699999999255,j,benign,R_4DYHJAe9FwcAbYM,0
969.6999999992549,f,benign,R_4DYHJAe9FwcAbYM,0
2412.5,j,benign,R_4DYHJAe9FwcAbYM,0
1194.800000000745,j,benign,R_4DYHJAe9FwcAbYM,0
1348.5999999977648,f,depression,R_4DYHJAe9FwcAbYM,1
1372.9000000022352,j,benign,R_4DYHJAe9FwcAbYM,0
1378.699999999255,f,benign,R_4DYHJAe9FwcAbYM,0
1022.0,j,benign,R_4DYHJAe9FwcAbYM,0
2095.699999999255,f,benign,R_4DYHJAe9FwcAbYM,0
1118.4000000022352,f,benign,R_4DYHJAe9FwcAbYM,0
2359.5,j,benign,R_4E1hPlVcrRYDEgI,0
946.5,f,benign,R_4E1hPlVcrRYDEgI,0
1758.699999988079,j,positive,R_4E1hPlVcrRYDEgI,0
1436.3999999761581,f,benign,R_4E1hPlVcrRYDEgI,0
929.5,j,positive,R_4E1hPlVcrRYDEgI,0
788.4000000357628,f,positive,R_4E1hPlVcrRYDEgI,0
719.1000000238419,j,anxiety,R_4E1hPlVcrRYDEgI,1
985.3000000119209,j,positive,R_4E1hPlVcrRYDEgI,0
1063.1000000238419,f,benign,R_4E1hPlVcrRYDEgI,0
1315.199999988079,j,anxiety,R_4E1hPlVcrRYDEgI,1
1175.5,f,anxiety,R_4E1hPlVcrRYDEgI,1
1390.300000011921,f,anxiety,R_4E1hPlVcrRYDEgI,1
1240.8999999761581,f,benign,R_4E1hPlVcrRYDEgI,0
1425.4000000357628,f,benign,R_4E1hPlVcrRYDEgI,0
1083.199999988079,f,anxiety,R_4E1hPlVcrRYDEgI,1
564.5,j,benign,R_4E1hPlVcrRYDEgI,0
1617.9000000357628,j,benign,R_4E1hPlVcrRYDEgI,0
1309.199999988079,j,anxiety,R_4E1hPlVcrRYDEgI,1
1254.300000011921,f,benign,R_4E1hPlVcrRYDEgI,0
1131.199999988079,f,benign,R_4E1hPlVcrRYDEgI,0
1690.199999988079,j,positive,R_4E1hPlVcrRYDEgI,0
1102.0,j,benign,R_4E1hPlVcrRYDEgI,0
805.7999999523163,j,depression,R_4E1hPlVcrRYDEgI,1
923.0999999642372,j,depression,R_4E1hPlVcrRYDEgI,1
890.8999999761581,f,depression,R_4E1hPlVcrRYDEgI,1
1168.800000011921,f,positive,R_4E1hPlVcrRYDEgI,0
688.5999999940395,f,benign,R_9HiPuZ7ggaUWYXm,0
1229.300000011921,f,benign,R_9HiPuZ7ggaUWYXm,0
1904.199999988079,j,benign,R_9HiPuZ7ggaUWYXm,0
628.0999999940395,f,benign,R_9HiPuZ7ggaUWYXm,0
882.5999999940395,j,depression,R_9HiPuZ7ggaUWYXm,1
1512.199999988079,f,positive,R_9HiPuZ7ggaUWYXm,0
2142.2000000178814,f,benign,R_9HiPuZ7ggaUWYXm,0
2052.5999999940395,f,benign,R_9HiPuZ7ggaUWYXm,0
737.4000000059605,f,benign,R_9HiPuZ7ggaUWYXm,0
1469.199999988079,j,anxiety,R_9HiPuZ7ggaUWYXm,1
959.0999999940395,f,benign,R_9HiPuZ7ggaUWYXm,0
809.0,f,benign,R_9HiPuZ7ggaUWYXm,0
1979.800000011921,f,anxiety,R_9HiPuZ7ggaUWYXm,1
1106.8999999761581,f,benign,R_9HiPuZ7ggaUWYXm,0
2069.7000000178814,f,anxiety,R_9HiPuZ7ggaUWYXm,1
1080.4000000059605,f,positive,R_9HiPuZ7ggaUWYXm,0
2983.699999988079,j,anxiety,R_9HiPuZ7ggaUWYXm,1
616.9000000059605,f,benign,R_9HiPuZ7ggaUWYXm,0
2550.300000011921,j,anxiety,R_9HiPuZ7ggaUWYXm,1
1019.6999999880791,j,positive,R_9HiPuZ7ggaUWYXm,0
511.2999999821186,j,benign,R_9HiPuZ7ggaUWYXm,0
898.6999999880791,f,positive,R_9HiPuZ7ggaUWYXm,0
1036.4000000059605,j,benign,R_9HiPuZ7ggaUWYXm,0
1559.300000011921,f,benign,R_9HiPuZ7ggaUWYXm,0
777.3999999761581,j,benign,R_9HiPuZ7ggaUWYXm,0
1708.5,f,positive,R_9HiPuZ7ggaUWYXm,0
1620.800000011921,j,depression,R_9HiPuZ7ggaUWYXm,1
1211.0,j,benign,R_4npneE7C0d2fzFf,0
1548.0,f,benign,R_4npneE7C0d2fzFf,0
1179.0,j,benign,R_4npneE7C0d2fzFf,0
925.0,f,benign,R_4npneE7C0d2fzFf,0
1094.0,j,benign,R_4npneE7C0d2fzFf,0
1311.0,f,benign,R_4npneE7C0d2fzFf,0
1855.9999999999418,f,positive,R_4npneE7C0d2fzFf,0
1135.0,j,benign,R_4npneE7C0d2fzFf,0
1333.0,j,positive,R_4npneE7C0d2fzFf,0
1442.9999999999418,j,positive,R_4npneE7C0d2fzFf,0
1439.0,f,positive,R_4npneE7C0d2fzFf,0
1811.0,j,benign,R_4npneE7C0d2fzFf,0
907.0,f,benign,R_4npneE7C0d2fzFf,0
1516.0,f,anxiety,R_4npneE7C0d2fzFf,1
1678.0,f,positive,R_4npneE7C0d2fzFf,0
1423.0,j,benign,R_4npneE7C0d2fzFf,0
800.0,j,benign,R_4npneE7C0d2fzFf,0
1162.0,j,benign,R_4npneE7C0d2fzFf,0
824.0,f,positive,R_4npneE7C0d2fzFf,0
1014.9999999998836,j,depression,R_4npneE7C0d2fzFf,1
848.0,f,benign,R_4npneE7C0d2fzFf,0
660.0,j,benign,R_4npneE7C0d2fzFf,0
873.0,j,benign,R_4npneE7C0d2fzFf,0
641.0,f,benign,R_4npneE7C0d2fzFf,0
516.0,f,benign,R_4npneE7C0d2fzFf,0
484.0,f,benign,R_4npneE7C0d2fzFf,0
1725.5999999642372,j,benign,R_95Avzk7ufiikhMK,0
1226.4000000357628,j,anxiety,R_95Avzk7ufiikhMK,1
1069.7999999523163,f,benign,R_95Avzk7ufiikhMK,0
987.8999999761581,j,benign,R_95Avzk7ufiikhMK,0
1092.199999988079,f,depression,R_95Avzk7ufiikhMK,1
1009.3999999761581,j,benign,R_95Avzk7ufiikhMK,0
548.5,f,benign,R_95Avzk7ufiikhMK,0
856.8000000119209,j,benign,R_95Avzk7ufiikhMK,0
1071.5999999642372,f,positive,R_95Avzk7ufiikhMK,0
509.19999998807907,j,benign,R_95Avzk7ufiikhMK,0
1029.0,j,benign,R_95Avzk7ufiikhMK,0
1205.6000000238419,j,benign,R_95Avzk7ufiikhMK,0
1879.0999999642372,j,benign,R_95Avzk7ufiikhMK,0
701.1000000238419,f,benign,R_95Avzk7ufiikhMK,0
809.5999999642372,f,benign,R_95Avzk7ufiikhMK,0
681.6000000238419,j,benign,R_95Avzk7ufiikhMK,0
812.6999999880791,j,benign,R_95Avzk7ufiikhMK,0
853.3000000119209,f,benign,R_95Avzk7ufiikhMK,0
2396.300000011921,f,benign,R_95Avzk7ufiikhMK,0
704.3000000119209,j,positive,R_95Avzk7ufiikhMK,0
682.9000000357628,j,benign,R_95Avzk7ufiikhMK,0
944.3999999761581,j,depression,R_95Avzk7ufiikhMK,1
1053.5,j,anxiety,R_95Avzk7ufiikhMK,1
1484.4000000357628,f,depression,R_95Avzk7ufiikhMK,1
573.5999999642372,j,depression,R_95Avzk7ufiikhMK,1
2546.099999964237,f,benign,R_95Avzk7ufiikhMK,0
830.3999999761581,f,positive,R_95Avzk7ufiikhMK,0
1495.0,f,benign,R_4QWwuNV77zEYamm,0
1309.0,f,benign,R_4QWwuNV77zEYamm,0
944.0,j,anxiety,R_4QWwuNV77zEYamm,1
1046.0,j,benign,R_4QWwuNV77zEYamm,0
915.0,f,benign,R_4QWwuNV77zEYamm,0
751.0,j,benign,R_4QWwuNV77zEYamm,0
713.0,f,benign,R_4QWwuNV77zEYamm,0
626.0,f,benign,R_4QWwuNV77zEYamm,0
797.0000000000291,f,benign,R_4QWwuNV77zEYamm,0
1436.0,f,benign,R_4QWwuNV77zEYamm,0
977.0,f,depression,R_4QWwuNV77zEYamm,1
859.0,j,positive,R_4QWwuNV77zEYamm,0
844.0000000000291,j,positive,R_4QWwuNV77zEYamm,0
1743.000000000029,j,positive,R_4QWwuNV77zEYamm,0
767.0,f,benign,R_4QWwuNV77zEYamm,0
1120.0,f,benign,R_4QWwuNV77zEYamm,0
815.0,f,benign,R_4QWwuNV77zEYamm,0
1159.0,f,benign,R_4QWwuNV77zEYamm,0
1116.0,f,positive,R_4QWwuNV77zEYamm,0
929.0,j,benign,R_4QWwuNV77zEYamm,0
914.0,f,benign,R_4QWwuNV77zEYamm,0
1395.999999999971,f,benign,R_4QWwuNV77zEYamm,0
856.0000000000291,f,benign,R_4QWwuNV77zEYamm,0
963.0,f,benign,R_4QWwuNV77zEYamm,0
1098.0,j,positive,R_4QWwuNV77zEYamm,0
889.0000000000291,j,benign,R_4QWwuNV77zEYamm,0
894.0,f,benign,R_4QWwuNV77zEYamm,0
521.1000000014901,j,benign,R_4Nn2YPE5XSoLk77,0
678.7000000029802,j,depression,R_4Nn2YPE5XSoLk77,1
2104.1999999955297,f,benign,R_4Nn2YPE5XSoLk77,0
1663.7000000029802,j,benign,R_4Nn2YPE5XSoLk77,0
1111.6000000014901,j,benign,R_4Nn2YPE5XSoLk77,0
895.3999999985099,j,benign,R_4Nn2YPE5XSoLk77,0
1741.4000000059605,f,benign,R_4Nn2YPE5XSoLk77,0
1456.1999999955297,j,positive,R_4Nn2YPE5XSoLk77,0
1042.7000000029802,j,positive,R_4Nn2YPE5XSoLk77,0
1059.8999999985099,j,anxiety,R_4Nn2YPE5XSoLk77,1
854.3999999985099,f,positive,R_4Nn2YPE5XSoLk77,0
1890.0,f,anxiety,R_4Nn2YPE5XSoLk77,1
1154.2000000029802,f,benign,R_4Nn2YPE5XSoLk77,0
817.9000000059605,f,depression,R_4Nn2YPE5XSoLk77,1
2003.5,j,depression,R_4Nn2YPE5XSoLk77,1
1004.9000000059605,j,benign,R_4Nn2YPE5XSoLk77,0
946.0,f,anxiety,R_4Nn2YPE5XSoLk77,1
1109.7999999970198,j,anxiety,R_4Nn2YPE5XSoLk77,1
1820.8999999985099,f,benign,R_4Nn2YPE5XSoLk77,0
1148.5,j,depression,R_4Nn2YPE5XSoLk77,1
1755.2000000029802,j,anxiety,R_4Nn2YPE5XSoLk77,1
1017.6000000014901,f,depression,R_4Nn2YPE5XSoLk77,1
814.5,j,benign,R_4Nn2YPE5XSoLk77,0
849.3000000044703,j,anxiety,R_4Nn2YPE5XSoLk77,1
1420.1000000014901,j,positive,R_4Nn2YPE5XSoLk77,0
1133.2999999970198,j,benign,R_4Nn2YPE5XSoLk77,0
857.0,f,benign,R_92mbrhLaUBLIZyA,0
995.9999999999418,f,benign,R_92mbrhLaUBLIZyA,0
899.0,j,benign,R_92mbrhLaUBLIZyA,0
1289.0,f,positive,R_92mbrhLaUBLIZyA,0
1451.0,j,anxiety,R_92mbrhLaUBLIZyA,1
716.0,f,depression,R_92mbrhLaUBLIZyA,1
1110.0,j,benign,R_92mbrhLaUBLIZyA,0
1383.0000000000582,j,positive,R_92mbrhLaUBLIZyA,0
1009.0,f,benign,R_92mbrhLaUBLIZyA,0
890.0,j,anxiety,R_92mbrhLaUBLIZyA,1
1461.0000000000582,f,benign,R_92mbrhLaUBLIZyA,0
1071.0,j,depression,R_92mbrhLaUBLIZyA,1
961.9999999999418,j,positive,R_92mbrhLaUBLIZyA,0
1385.0,f,positive,R_92mbrhLaUBLIZyA,0
1169.0000000001164,f,benign,R_92mbrhLaUBLIZyA,0
2150.999999999942,j,anxiety,R_92mbrhLaUBLIZyA,1
1730.0,j,benign,R_92mbrhLaUBLIZyA,0
2464.0,f,depression,R_92mbrhLaUBLIZyA,1
1077.0,j,positive,R_92mbrhLaUBLIZyA,0
972.0000000001164,j,benign,R_92mbrhLaUBLIZyA,0
577.0,f,benign,R_92mbrhLaUBLIZyA,0
2130.0000000001164,f,anxiety,R_92mbrhLaUBLIZyA,1
1279.0,j,benign,R_92mbrhLaUBLIZyA,0
1484.0,j,benign,R_92mbrhLaUBLIZyA,0
1047.0,j,benign,R_92mbrhLaUBLIZyA,0
1124.0,f,benign,R_92mbrhLaUBLIZyA,0
2695.0,j,positive,R_92mbrhLaUBLIZyA,0
863.6000000014901,f,depression,R_4lCiksiXKcfJDNf,1
1205.800000000745,f,benign,R_4lCiksiXKcfJDNf,0
2797.9000000003725,f,anxiety,R_4lCiksiXKcfJDNf,1
2249.7000000011176,j,benign,R_4lCiksiXKcfJDNf,0
1645.5999999996275,j,depression,R_4lCiksiXKcfJDNf,1
877.7000000011176,f,benign,R_4lCiksiXKcfJDNf,0
1948.6000000014901,j,anxiety,R_4lCiksiXKcfJDNf,1
1073.7000000011176,f,benign,R_4lCiksiXKcfJDNf,0
2348.9000000003725,f,anxiety,R_4lCiksiXKcfJDNf,1
895.8000000007451,j,benign,R_4lCiksiXKcfJDNf,0
1088.2000000011176,f,benign,R_4lCiksiXKcfJDNf,0
1148.6000000014901,f,positive,R_4lCiksiXKcfJDNf,0
2649.60000000149,j,positive,R_4lCiksiXKcfJDNf,0
2428.800000000745,j,benign,R_4lCiksiXKcfJDNf,0
1866.6000000014901,f,benign,R_4lCiksiXKcfJDNf,0
1401.7000000011176,f,anxiety,R_4lCiksiXKcfJDNf,1
1289.6000000014901,j,positive,R_4lCiksiXKcfJDNf,0
2098.800000000745,f,benign,R_4lCiksiXKcfJDNf,0
1269.7000000011176,j,benign,R_4lCiksiXKcfJDNf,0
1420.7000000011176,f,benign,R_4lCiksiXKcfJDNf,0
1427.7000000011176,j,anxiety,R_4lCiksiXKcfJDNf,1
1203.800000000745,f,depression,R_4lCiksiXKcfJDNf,1
927.7000000011176,j,benign,R_4lCiksiXKcfJDNf,0
1715.7000000011176,j,depression,R_4lCiksiXKcfJDNf,1
1005.5999999996275,j,benign,R_4lCiksiXKcfJDNf,0
1400.4000000003725,j,benign,R_4lCiksiXKcfJDNf,0
1202.5,j,positive,R_4lCiksiXKcfJDNf,0
1287.2000000029802,f,positive,R_41tTqc4rClQAQ4c,0
869.3999999910593,j,benign,R_41tTqc4rClQAQ4c,0
1331.2000000029802,f,anxiety,R_41tTqc4rClQAQ4c,1
1324.1000000089407,j,anxiety,R_41tTqc4rClQAQ4c,1
1773.2999999970198,f,benign,R_41tTqc4rClQAQ4c,0
1216.3999999910593,j,positive,R_41tTqc4rClQAQ4c,0
1267.0999999940395,f,benign,R_41tTqc4rClQAQ4c,0
1261.8999999910593,j,anxiety,R_41tTqc4rClQAQ4c,1
584.5,f,positive,R_41tTqc4rClQAQ4c,0
1164.2000000029802,f,benign,R_41tTqc4rClQAQ4c,0
657.2999999970198,f,anxiety,R_41tTqc4rClQAQ4c,1
1203.2000000029802,f,anxiety,R_41tTqc4rClQAQ4c,1
871.7999999970198,j,positive,R_41tTqc4rClQAQ4c,0
1215.2000000029802,j,positive,R_41tTqc4rClQAQ4c,0
615.7999999970198,f,anxiety,R_41tTqc4rClQAQ4c,1
789.5999999940395,j,benign,R_41tTqc4rClQAQ4c,0
1282.2000000029802,j,benign,R_41tTqc4rClQAQ4c,0
1371.3999999910593,j,benign,R_41tTqc4rClQAQ4c,0
461.29999999701977,f,benign,R_41tTqc4rClQAQ4c,0
1515.9000000059605,j,depression,R_41tTqc4rClQAQ4c,1
729.5,j,benign,R_41tTqc4rClQAQ4c,0
897.9000000059605,f,benign,R_41tTqc4rClQAQ4c,0
738.4000000059605,f,positive,R_41tTqc4rClQAQ4c,0
1217.199999988079,j,positive,R_41tTqc4rClQAQ4c,0
585.2000000029802,f,depression,R_41tTqc4rClQAQ4c,1
392.20000000298023,f,benign,R_41tTqc4rClQAQ4c,0
1669.1000000238419,f,benign,R_49TyR8AUyP9f0KR,0
845.3999999761581,f,depression,R_49TyR8AUyP9f0KR,1
1317.1000000238419,f,anxiety,R_49TyR8AUyP9f0KR,1
1888.8000000715256,f,benign,R_49TyR8AUyP9f0KR,0
905.1999999284744,f,anxiety,R_49TyR8AUyP9f0KR,1
1053.9000000953674,j,benign,R_49TyR8AUyP9f0KR,0
619.5,j,positive,R_49TyR8AUyP9f0KR,0
983.8000000715256,j,benign,R_49TyR8AUyP9f0KR,0
869.1000000238419,j,positive,R_49TyR8AUyP9f0KR,0
1034.0999999046326,f,benign,R_49TyR8AUyP9f0KR,0
950.7000000476837,f,benign,R_49TyR8AUyP9f0KR,0
944.6000000238419,f,benign,R_49TyR8AUyP9f0KR,0
1475.5,f,benign,R_49TyR8AUyP9f0KR,0
994.1999999284744,j,anxiety,R_49TyR8AUyP9f0KR,1
957.5,j,positive,R_49TyR8AUyP9f0KR,0
887.5999999046326,f,benign,R_49TyR8AUyP9f0KR,0
667.7999999523163,j,depression,R_49TyR8AUyP9f0KR,1
985.2000000476837,f,benign,R_49TyR8AUyP9f0KR,0
1152.3999999761581,j,positive,R_49TyR8AUyP9f0KR,0
756.6000000238419,f,anxiety,R_49TyR8AUyP9f0KR,1
529.2000000476837,f,benign,R_49TyR8AUyP9f0KR,0
997.6000000238419,j,anxiety,R_49TyR8AUyP9f0KR,1
678.5999999046326,f,depression,R_49TyR8AUyP9f0KR,1
1193.7000000476837,j,benign,R_49TyR8AUyP9f0KR,0
788.0,f,depression,R_49TyR8AUyP9f0KR,1
1242.6000000238419,j,positive,R_49TyR8AUyP9f0KR,0
1587.0,j,benign,R_99UYrIivDcdeF7r,0
1088.0000000000582,f,anxiety,R_99UYrIivDcdeF7r,1
819.9999999999418,j,depression,R_99UYrIivDcdeF7r,1
1308.0,f,benign,R_99UYrIivDcdeF7r,0
899.0,j,benign,R_99UYrIivDcdeF7r,0
1969.0,j,anxiety,R_99UYrIivDcdeF7r,1
1799.0,j,benign,R_99UYrIivDcdeF7r,0
1140.0,j,benign,R_99UYrIivDcdeF7r,0
1234.0,f,benign,R_99UYrIivDcdeF7r,0
1175.0,f,benign,R_99UYrIivDcdeF7r,0
1350.0,j,benign,R_99UYrIivDcdeF7r,0
936.0,f,benign,R_99UYrIivDcdeF7r,0
1087.0,j,depression,R_99UYrIivDcdeF7r,1
1412.0,f,benign,R_99UYrIivDcdeF7r,0
1149.9999999999418,j,positive,R_99UYrIivDcdeF7r,0
1332.0,f,positive,R_99UYrIivDcdeF7r,0
2099.0,j,positive,R_99UYrIivDcdeF7r,0
2944.0,f,benign,R_99UYrIivDcdeF7r,0
1230.9999999999418,j,benign,R_99UYrIivDcdeF7r,0
1938.0,j,anxiety,R_99UYrIivDcdeF7r,1
1866.9999999999418,j,benign,R_99UYrIivDcdeF7r,0
1297.0,j,benign,R_99UYrIivDcdeF7r,0
1316.0,j,benign,R_99UYrIivDcdeF7r,0
2274.0,f,benign,R_99UYrIivDcdeF7r,0
1254.0,j,benign,R_99UYrIivDcdeF7r,0
1731.0,f,benign,R_99UYrIivDcdeF7r,0
667.0999999996275,f,benign,R_9d0I0cLEUygFnzD,0
1225.5,j,benign,R_9d0I0cLEUygFnzD,0
718.5999999996275,f,benign,R_9d0I0cLEUygFnzD,0
937.2000000001863,j,benign,R_9d0I0cLEUygFnzD,0
810.7000000001863,j,benign,R_9d0I0cLEUygFnzD,0
1195.300000000745,j,positive,R_9d0I0cLEUygFnzD,0
2191.5,j,anxiety,R_9d0I0cLEUygFnzD,1
1247.4000000003725,f,benign,R_9d0I0cLEUygFnzD,0
450.70000000018626,f,benign,R_9d0I0cLEUygFnzD,0
382.0,f,benign,R_9d0I0cLEUygFnzD,0
2179.9000000003725,j,positive,R_9d0I0cLEUygFnzD,0
1532.3999999994412,j,benign,R_9d0I0cLEUygFnzD,0
998.7999999998137,f,benign,R_9d0I0cLEUygFnzD,0
757.6000000005588,j,benign,R_9d0I0cLEUygFnzD,0
964.3999999994412,j,benign,R_9d0I0cLEUygFnzD,0
723.4000000003725,j,benign,R_9d0I0cLEUygFnzD,0
498.80000000074506,j,positive,R_9d0I0cLEUygFnzD,0
897.5,f,benign,R_9d0I0cLEUygFnzD,0
832.2000000001863,f,positive,R_9d0I0cLEUygFnzD,0
744.3000000007451,f,positive,R_9d0I0cLEUygFnzD,0
849.2999999998137,f,benign,R_9d0I0cLEUygFnzD,0
1670.2000000001863,f,benign,R_9d0I0cLEUygFnzD,0
726.5,j,benign,R_9d0I0cLEUygFnzD,0
1145.7999999998137,f,benign,R_9d0I0cLEUygFnzD,0
996.8000000007451,f,benign,R_9d0I0cLEUygFnzD,0
706.0,j,benign,R_9d0I0cLEUygFnzD,0
742.9000000003725,j,benign,R_9d0I0cLEUygFnzD,0
1258.300000011921,f,benign,R_47kRU4DvHWNnjGG,0
1588.800000011921,f,benign,R_47kRU4DvHWNnjGG,0
1700.2999999523163,j,benign,R_47kRU4DvHWNnjGG,0
1235.4000000357628,f,benign,R_47kRU4DvHWNnjGG,0
1571.2000000476837,j,benign,R_47kRU4DvHWNnjGG,0
1386.0,f,benign,R_47kRU4DvHWNnjGG,0
1632.300000011921,j,benign,R_47kRU4DvHWNnjGG,0
1223.699999988079,j,depression,R_47kRU4DvHWNnjGG,1
1337.0,f,benign,R_47kRU4DvHWNnjGG,0
1237.3999999761581,j,benign,R_47kRU4DvHWNnjGG,0
1889.300000011921,f,positive,R_47kRU4DvHWNnjGG,0
1046.8999999761581,j,benign,R_47kRU4DvHWNnjGG,0
813.0999999642372,f,positive,R_47kRU4DvHWNnjGG,0
1101.1000000238419,j,anxiety,R_47kRU4DvHWNnjGG,1
1122.0999999642372,f,benign,R_47kRU4DvHWNnjGG,0
932.8999999761581,f,benign,R_47kRU4DvHWNnjGG,0
1081.7000000476837,j,anxiety,R_47kRU4DvHWNnjGG,1
1411.6000000238419,f,benign,R_47kRU4DvHWNnjGG,0
1160.199999988079,j,benign,R_47kRU4DvHWNnjGG,0
1502.4000000357628,j,benign,R_47kRU4DvHWNnjGG,0
982.5,j,benign,R_47kRU4DvHWNnjGG,0
1175.800000011921,j,benign,R_47kRU4DvHWNnjGG,0
1081.5,j,benign,R_47kRU4DvHWNnjGG,0
821.5999999642372,f,benign,R_47kRU4DvHWNnjGG,0
944.8000000119209,f,depression,R_47kRU4DvHWNnjGG,1
1067.9000000357628,f,benign,R_47kRU4DvHWNnjGG,0
1315.5,f,positive,R_47kRU4DvHWNnjGG,0
1164.8999999761581,f,benign,R_9cj5AYT2isbQ025,0
996.6999999880791,f,positive,R_9cj5AYT2isbQ025,0
1005.9000000357628,j,benign,R_9cj5AYT2isbQ025,0
1708.7999999523163,f,benign,R_9cj5AYT2isbQ025,0
1429.5,j,depression,R_9cj5AYT2isbQ025,1
1126.800000011921,j,benign,R_9cj5AYT2isbQ025,0
964.6000000238419,f,benign,R_9cj5AYT2isbQ025,0
1616.199999988079,j,anxiety,R_9cj5AYT2isbQ025,1
982.6000000238419,j,benign,R_9cj5AYT2isbQ025,0
1187.8999999761581,f,benign,R_9cj5AYT2isbQ025,0
1741.9000000357628,f,anxiety,R_9cj5AYT2isbQ025,1
1918.5,j,benign,R_9cj5AYT2isbQ025,0
886.3000000119209,j,benign,R_9cj5AYT2isbQ025,0
2300.7999999523163,f,depression,R_9cj5AYT2isbQ025,1
1758.0999999642372,j,benign,R_9cj5AYT2isbQ025,0
2228.600000023842,f,positive,R_9cj5AYT2isbQ025,0
2414.5,j,benign,R_9cj5AYT2isbQ025,0
1381.5999999642372,f,benign,R_9cj5AYT2isbQ025,0
1213.199999988079,j,benign,R_9cj5AYT2isbQ025,0
2246.699999988079,j,anxiety,R_9cj5AYT2isbQ025,1
2727.100000023842,f,depression,R_9cj5AYT2isbQ025,1
2645.5,f,positive,R_9cj5AYT2isbQ025,0
1396.3999999761581,f,depression,R_9cj5AYT2isbQ025,1
1350.9000000357628,j,benign,R_9cj5AYT2isbQ025,0
2902.599999964237,j,positive,R_9cj5AYT2isbQ025,0
1573.5,f,anxiety,R_9cj5AYT2isbQ025,1
1972.199999988079,f,benign,R_9cj5AYT2isbQ025,0
